id,dataset,tema,fuente,organismo,url,formato,actualizacion,fecha_dato,fecha_prueba,licencia,seleccionado,motivo
1,Estaciones Ecobici,movilidad,Buenos Aires Data,Secretaría de Transporte y Obras Públicas (GCBA),https://cdn.buenosaires.gob.ar/datosabiertos/datasets/transporte-y-obras-publicas/estaciones-bicicletas-publicas/nuevas-estaciones-bicicletas-publicas.csv,CSV,no verificada,no informada por el recurso,2026-10-06,Creative Commons Attribution (CC-BY),si,Base de movilidad activa; tiene coordenadas y permite agregar por comuna. Núcleo del MVP. Recurso oficial incorporado el 2026-10-06; fecha de descarga no equivale a fecha de actualización del dato. Comuna derivada mediante unión espacial; SILVER no incluye anclajes_totales.
2,Ciclovías,movilidad,Buenos Aires Data,Secretaría de Transporte y Obras Públicas (GCBA),https://cdn.buenosaires.gob.ar/datosabiertos/datasets/transporte-y-obras-publicas/ciclovias/ciclovias.csv,CSV,no verificada,no informada por el recurso,2026-10-06,Creative Commons Attribution (CC-BY),si,Complementa Ecobici; geometría de líneas permite calcular km por comuna. Recurso oficial incorporado el 2026-10-06; fecha de descarga no equivale a fecha de actualización del dato.
3,Espacios verdes,ambiente,Buenos Aires Data,Ministerio de Espacio Público e Higiene Urbana (GCBA),https://data.buenosaires.gob.ar/dataset/espacios-verdes/resource/df878bd5-5759-4af3-badc-2a4c1ae0ebf8/download,CSV,no verificada,no informada por el recurso,2026-10-06,Creative Commons Attribution (CC-BY),si,Indicador ambiental clave; superficie (m2) y comuna disponibles para cruce. Recurso oficial incorporado el 2026-10-06; fecha de descarga no equivale a fecha de actualización del dato.
4,Hospitales,salud,Buenos Aires Data,Ministerio de Salud (GCBA),https://cdn.buenosaires.gob.ar/datosabiertos/datasets/ministerio-de-salud/hospitales/hospitales.csv,CSV,no verificada,no informada por el recurso,2026-10-06,Creative Commons Attribution (CC-BY),si,Servicios de salud con dirección y comuna; permite contar por comuna. Recurso oficial incorporado el 2026-10-06; fecha de descarga no equivale a fecha de actualización del dato.
5,Centros de salud (CeSAC),salud,Buenos Aires Data,Ministerio de Salud (GCBA),https://data.buenosaires.gob.ar/dataset/centros-de-salud-y-accion-comunitaria,"CSV,GeoJSON",anual,2026,2026-09-15,Creative Commons Attribution (CC-BY),no,Evaluado como ampliación futura. CeSAC no se ingiere ni existe como dominio independiente en SILVER/GOLD actual; no se cuenta como fuente implementada. Fecha de prueba conservada del rastreo inicial; sin nueva descarga verificada el 2026-10-06.
6,Comunas,urbanismo,Buenos Aires Data,GCBA,https://cdn.buenosaires.gob.ar/datosabiertos/datasets/ministerio-de-educacion/comunas/comunas.geojson,GEOJSON,no verificada,no informada por el recurso,2026-10-06,Creative Commons Attribution (CC-BY),si,"Capa base geográfica: 15 comunas. Clave de cruce (join) de todos los dominios. Recurso oficial incorporado el 2026-10-06; fecha de descarga no equivale a fecha de actualización del dato. GeoJSON simplificado mediante RDP por prep_comunas.py; capa geográfica de apoyo, no tabla SILVER independiente."
7,Barrios,urbanismo,Buenos Aires Data,GCBA,https://data.buenosaires.gob.ar/dataset/barrios,"GeoJSON,SHP,CSV",estable,2026,2026-09-15,Creative Commons Attribution (CC-BY),no,Útil pero redundante con comunas para el MVP; se pospone. Fecha de prueba conservada del rastreo inicial; sin nueva descarga verificada el 2026-10-06.
8,Catálogo de datos (dataset del catálogo),meta,Buenos Aires Data,GCBA,https://data.buenosaires.gob.ar/dataset/catalogo-datos-abiertos,"CSV,JSON",trimestral,2026-07-03,2026-09-15,Creative Commons Attribution (CC-BY),no,Meta-dataset para automatizar el descubrimiento del catálogo; futura mejora. Fecha de prueba conservada del rastreo inicial; sin nueva descarga verificada el 2026-10-06.
9,API CKAN package_search,meta,Buenos Aires Data,GCBA,https://data.buenosaires.gob.ar/api/3/action/package_search,JSON (API),tiempo real,2026,2026-10-06,Creative Commons Attribution (CC-BY),no,Ruta evaluada y bloqueada por WAF según README. No utilizada en la ingesta oficial actual; se usan recursos descargables/CDN. CKAN queda como alternativa de descubrimiento.
10,Población por comuna (proyecciones),poblacion,Datos Argentina / DGEyC,Dirección General de Estadística y Censos (GCBA) / INDEC,https://datos.gob.ar/,"CSV,XLSX",anual,2026,2026-09-15,Creative Commons Attribution (CC-BY),no,Para normalizar indicadores per cápita (por habitante). Mejora futura. Fecha de prueba conservada del rastreo inicial; sin nueva descarga verificada el 2026-10-06.
11,API de Catastro / GTFS,movilidad,Buenos Aires Data,GCBA,https://data.buenosaires.gob.ar/,API/GTFS,variable,2026,2026-09-15,Creative Commons Attribution (CC-BY),no,HALLAZGO: el portal informa recursos API/GTFS temporalmente suspendidos en revisión. No dependemos de ellos; priorizamos descargables CSV/JSON/GeoJSON. Fecha de prueba conservada del rastreo inicial; sin nueva descarga verificada el 2026-10-06.
