id,nombre,comuna,lat,lon
1,Vidal,13,-34.55813699999999,-58.46725929999999
2,Esmeralda,1,-34.59565292709425,-58.36916247929995
3,Peña,2,-34.5908211,-58.3973698
4,Yatay,5,-34.6011732,-58.4285093
5,Emilio Lamarca,11,-34.6134032,-58.4933583
6,Cementerio De Recoleta,2,-34.588346663239754,-58.39414794286564
7,Sec. De Innovacion Y Transformación,4,-34.6350046,-58.395053900000015
8,Martí Y Directorio,7,-34.636406,-58.470136
9,Honduras,14,-34.58755,-58.43196
10,Agronomia,11,-34.5999378413251,-58.48132261705781
11,Carabobo,7,-34.6262877,-58.45530009999998
12,Del Barco Centenera,6,-34.62780084937208,-58.440321152114855
13,Plaza De La Misericordia,7,-34.6317,-58.45534000000001
14,Aguero,2,-34.5948057,-58.4091784
15,Plaza Palermo Viejo,14,-34.588567,-58.42599899999999
16,Hospital Britanico,4,-34.6353595,-58.3876724
17,Hospital Tornu,15,-34.587458,-58.4739506
18,Club Ciudad De Buenos Aires,13,-34.544503,-58.459499
19,Plaza Martin Rodriguez,12,-34.590964,-58.500336
20,Arenales,1,-34.5938629,-58.3825498
21,Ministerio De Economia,1,-34.608936,-58.37071600000001
22,Mexico,3,-34.6170196,-58.4026531
23,Las Casas,5,-34.6360274,-58.4156332
24,Plaza Marcos Sastre,12,-34.570825,-58.48123600000001
25,Plaza Dr. Juan B. Teran,10,-34.62141207128675,-58.51978098730659
26,Plaza Echeverria,12,-34.5717986,-58.48954089999999
27,Guayaquil,6,-34.619845,-58.4314942
28,Pico,12,-34.5535868449943,-58.49758664152526
29,Hospital Sirio,11,-34.5904625,-58.5071166
30,Mercado De Hacienda Mataderos,9,-34.66181712635796,-58.50133009838903
31,Plaza Larrazabal,9,-34.6430378,-58.5127001
32,Malba,14,-34.57694914795284,-58.40398420287857
33,José Martí,7,-34.6439,-58.46311399999999
34,Ecuador,2,-34.5961006,-58.4046092
35,Las Cañitas,14,-34.5738986,-58.431782000000005
36,Plaza Irlanda,6,-34.613778,-58.458315
37,Hospital Garrahan,4,-34.63037718,-58.39584399999999
38,Austria Y French,2,-34.5882997,-58.40426080000001
39,Parque Sarmiento I,12,-34.555254,-58.494845000000005
40,Nogoya,11,-34.60292728119387,-58.492247285861765
41,Villarroel,15,-34.592735,-58.4450697
42,Jose Artigas,15,-34.5902732694463,-58.4669322018588
43,Plaza Francisco Ramirez,13,-34.553262,-58.469133
44,Giralt,1,-34.60463069395953,-58.3608138563446
45,Catedral,1,-34.60674458045258,-58.37365550287733
46,Plaza Don Segundo Sombra,7,-34.64196,-58.4505
47,Villa Olímpica,8,-34.677130515662185,-58.454286054001386
48,Estacion Villa Luro,10,-34.63670935917866,-58.501355258102926
49,Parque Chas,15,-34.5816148,-58.47505689999999
50,Plaza Sabattini,6,-34.61200399005994,-58.44215423439331
51,Juan Manuel De Blanes,4,-34.6310284,-58.36288800000001
52,Saavedra,3,-34.6212681,-58.4016808
53,Monroe,12,-34.564122,-58.46981300000001
54,Costanera Norte,14,-34.56477054,-58.402021
55,Parque Onega,11,-34.5934185,-58.513837
56,Perón Y Acuña De Figueroa,5,-34.6060758,-58.42246349999999
57,Club Excursionistas,13,-34.5591522,-58.4441762
58,Fitz Roy,15,-34.5891857,-58.4424397
59,Plazoleta Río De La Plata,14,-34.57424606980564,-58.41465533223048
60,25 De Mayo,1,-34.6016509,-58.37107900000001
61,Retiro I,1,-34.59242413,-58.37470988999999
62,Plaza Colegiales,13,-34.57653,-58.44348999999999
63,Usina Del Arte,4,-34.628757,-58.35625900000001
64,Avenida Triunvirato,12,-34.5657087,-58.49521839999999
65,Juana Manso I,1,-34.600752,-58.3638723
66,José Marmol,5,-34.6234,-58.424853
67,Plaza Gurruchaga,15,-34.59310953590707,-58.43506630059434
68,Blanco Encalada,12,-34.5698528,-58.4767434
69,Espinosa,15,-34.603936,-58.457317
70,Instituto Leloir,6,-34.60439,-58.43454
71,Facultad De Ingenieria,1,-34.617301,-58.3698984
72,San Blas,11,-34.6125134752936,-58.48591844047545
73,Quinteros Lidoro,13,-34.552571,-58.45089699999999
74,Pavon,5,-34.629986531384205,-58.41456000555724
75,Plaza Lucio Demare,13,-34.54569,-58.465140000000005
76,Plaza Zapiola,12,-34.573522,-58.474635
77,Parque Rivadavia,6,-34.61651103390999,-58.43235024128227
78,Casa San,4,-34.6384786,-58.3642885
79,Ministerio De Educacion,2,-34.597225,-58.39176799999999
80,Salcedo,4,-34.6316444,-58.4053386
81,Plaza Ravignani,11,-34.61325,-58.52286099999999
82,Av. Cordoba,14,-34.588727,-58.43838599999999
83,Casa Rosada,1,-34.60748033900249,-58.366741024467466
84,San Martin Ii,15,-34.5971297,-58.490739000000005
85,Plaza Guemes,14,-34.5894269,-58.4161178
86,Corrientes,1,-34.6033685,-58.372763
87,Plaza Nueva Pompeya,4,-34.6518464,-58.41577099999999
88,San Jose De Flores,7,-34.62883578,-58.463297377
89,Pueyrredón,3,-34.6018744,-58.4060944
90,Barrancas De Belgrano,13,-34.559801,-58.44831400000001
91,Plaza Monseñor Miguel De Andrea,2,-34.597048,-58.407614
92,De Los Incas,15,-34.57899,-58.46982
93,Baigorria,10,-34.6108915,-58.50301999999999
94,Liniers,9,-34.634808,-58.527098
95,Estacion Pueyrredon,12,-34.581135,-58.501487
96,Beiro Y Segurola,11,-34.6075,-58.51193000000001
97,Pedro Echague,4,-34.6306129,-58.3913419
98,Parque De La Memoria,13,-34.542628,-58.43691299999999
99,Leonardo Pereyra,4,-34.6506468,-58.38723419999999
100,Armenia Y Gorriti,14,-34.590541,-58.428974
101,Armenia,14,-34.5906475,-58.42889899999998
102,Beiro,11,-34.6008,-58.50335
103,Parque Saavedra,12,-34.552148,-58.480464
104,Plaza Balcarce,13,-34.54754,-58.46784399999999
105,Juncal,14,-34.5850763,-58.4111136
106,Universidad Di Tella,13,-34.54723249654352,-58.4468016411338
107,Solar De La Abadía,14,-34.567633,-58.436752000000006
108,Jardin Botanico,14,-34.581920037923624,-58.420280103862616
109,Hospital Alemán,2,-34.59147195496799,-58.40128182310524
110,Plaza Benito Nazar,15,-34.60511787,-58.445999589
111,Hospital Ramos Mejia,3,-34.617509,-58.409287600000006
112,Coronel Diaz,14,-34.589968,-58.411493
113,Devoto,11,-34.6028514,-58.5126086
114,Villa Del Parque,11,-34.600874,-58.494123
115,Hospital Argerich,4,-34.6277671,-58.36602490000001
116,Plaza Sudamerica,8,-34.687767,-58.475178
117,Comuna 13,13,-34.5532117,-58.464224299999984
118,Parque Centenario,6,-34.6079414,-58.4335573
119,Torre Macro,1,-34.59398891976011,-58.37142444536896
120,Aime Painé,1,-34.61129829312854,-58.3591384429222
121,Estados Unidos Y Boedo,5,-34.6222601,-58.41601370000001
122,Cerretti,12,-34.5744245,-58.4962318
123,Bilbao,7,-34.6340752,-58.45900799999999
124,Donato Alvarez,15,-34.602028,-58.465568000000005
125,Plaza Ciudad De Udine,10,-34.620998,-58.493044
126,Plazoleta Benedit,15,-34.6022435,-58.44254819999999
127,Buenos Aires,4,-34.6446835804428,-58.39387590287583
128,Las Victorias,10,-34.6274033,-58.48811179999999
129,Pacifico,14,-34.577424,-58.426387
130,Parque Patricios,4,-34.640111,-58.406432
131,Plaza Boedo,5,-34.621951534228664,-58.41236636567611
132,Escuela Raggio,13,-34.536691,-58.4668133
133,Comuna 7,7,-34.6313039,-58.44176059999998
134,Pasco,3,-34.6174482,-58.397602
135,Honorio Pueyrredon,15,-34.60251720000001,-58.449658973016376
136,Hospital Italiano,5,-34.6078917,-58.4263947
137,Uade,1,-34.617247,-58.381627
138,Plazoleta Rafael Del Riego,14,-34.567483,-58.446381
139,Arevalo,14,-34.583613,-58.443602000000006
140,Hospital Alvarez,7,-34.623123,-58.468287
141,San Isidro Labrador,12,-34.5406752,-58.4752251
142,Soldado De La Frontera,8,-34.683188,-58.468952
143,Azucena Villaflor,1,-34.61189,-58.36393000000001
144,Av. Warnes,15,-34.59646530000001,-58.46638409999999
145,Margariños Cervantes,11,-34.610482,-58.474369
146,Parque Santojanni,9,-34.648402,-58.51364480000001
147,Husares,13,-34.552594,-58.4429397
148,Habana,12,-34.5865976,-58.49495850000001
149,Madero Office,1,-34.599036,-58.36469499999999
150,Marcelo T. De Alvear,1,-34.5976425,-58.378363
151,Teatro Colón,1,-34.600598,-58.382361
152,Primera Junta,6,-34.62079441851816,-58.4413509067459
153,Plazoleta Colombia,4,-34.637697,-58.373726000000005
154,Balbin Ii,12,-34.5559308,-58.4812325
155,Eva Perón,9,-34.6471,-58.46979999999999
156,Biblioteca Nacional,2,-34.583409,-58.397735
157,Reconquista,1,-34.59977772506695,-58.37468663054962
158,Parque Chacabuco Ii,7,-34.63642574842393,-58.44400690036917
159,Jose Leon Cabezon,12,-34.5801918,-58.50094170000001
160,Comuna 4,4,-34.6499971,-58.42477299999999
161,Araoz,14,-34.5926862,-58.4260597
162,Parque Lezama,1,-34.628526,-58.369758
163,Chile,1,-34.6163729,-58.37436969999998
164,Paseo De La Costanera,13,-34.550468,-58.430024
165,Julián Álvarez,14,-34.5873124,-58.4157873
166,Avenida Cramer,13,-34.55813699999999,-58.46725929999999
167,De Los Ombues,14,-34.5602,-58.4281
168,Av. Del Libertador,1,-34.59291496187579,-58.375442711639394
169,Paraná,1,-34.603269,-58.3893728
170,Paseo De Las Americas,13,-34.5530794109,-58.43522348866
171,San Miguel De Garicoits,13,-34.577329,-58.45779900000001
172,Jorgelina De Simone,1,-34.62393,-58.39124999999999
173,Nicasio Oroño,15,-34.5967435,-58.4594031
174,Ezeiza,12,-34.575733,-58.50922800000001
175,Echeverria,13,-34.565409,-58.459298
176,Freire Ii,13,-34.5751286,-58.45275609999999
177,Aduana,1,-34.61220714255728,-58.369129063789
178,Cerretti Y Manuela Pedraza,12,-34.56912,-58.50025
179,Jose Amalfitani,10,-34.63362230949344,-58.52125773107453
180,Alvear Tenis Club,9,-34.64142,-58.48239999999999
181,Plaza Mafalda,13,-34.5809383,-58.44458039999999
182,Ruy Díaz De Guzmán,4,-34.6306814,-58.3718235
183,Secretaría De Deportes,13,-34.5476039,-58.4565662
184,Museo Del Agua,3,-34.6009819,-58.395456800000005
185,Galicia,11,-34.615945,-58.47098
186,Filosofia Y Letras,6,-34.62855635090828,-58.4468139680066
187,Plaza Almagro,5,-34.6064101,-58.4187306
188,Morón,7,-34.6247196,-58.47518040000001
189,Universidad Del Salvador,1,-34.59694268462008,-58.38593823736496
190,Billinghurst,2,-34.5945475,-58.4138713
191,Matienzo Y Arce,14,-34.570161,-58.43558
192,Malabia,15,-34.5960961,-58.43540800000001
193,Plaza Leonardo N. Alem,12,-34.57634,-58.502480000000006
194,Rodrigo Bueno,1,-34.6187547,-58.3554654
195,Montañeses,13,-34.551304,-58.454181
196,Madero Uca,1,-34.6164879,-58.3656683
197,Ecoparque,14,-34.5755148,-58.4138829
198,Belaustegui,11,-34.616659000738366,-58.47770598650817
199,33 Orientales,5,-34.629176084274704,-58.42481977731553
200,Villa Soldati Ii,8,-34.673248,-58.45531939999999
201,Garcia Del Rio,12,-34.5503,-58.477
202,Franklin,6,-34.6112804,-58.45004339999999
203,Av. Forest,13,-34.575441,-58.46268899999999
204,Benito Juarez,10,-34.6189273,-58.50517690000001
205,Facultad De Derecho,2,-34.583749,-58.390602
206,Av. Elcano Fin De Vida,13,-34.5708116,-58.45786770000001
207,Paseo De La Costanera Ii,14,-34.553465,-58.42143999999999
208,Udaondo,13,-34.5471313,-58.4524657
209,Parque Avellaneda Ii,9,-34.6451767192088,-58.484555279762255
210,Campana Ii,12,-34.5831596,-58.51316640000001
211,Jorge Newbery,14,-34.55771,-58.41033000000001
212,Alsina,1,-34.610583,-58.38089430000001
213,Plaza Alberdi,12,-34.559255,-58.487772
214,Plaza De La Bandera,10,-34.6294802,-58.49448539999998
215,Ministro Carranza,14,-34.5752773,-58.434688300000005
216,Campana,11,-34.616813,-58.484297
217,Ibera,12,-34.55917978513255,-58.474031100000005
218,Roseti,15,-34.5851209,-58.4492989
219,Ruiz Huidobro,12,-34.5500877791735,-58.48506483743439
220,Jose Maria Moreno,6,-34.619879,-58.435801
221,Riglos,7,-34.631018,-58.435056
222,Tronador,15,-34.5838957,-58.466494
223,Plaza Saenz Peña,11,-34.6097088334705,-58.46729693359809
224,Emilio Castro,9,-34.649701,-58.51078
225,Culpina,7,-34.631705,-58.466143
226,Valle,6,-34.6245807,-58.43412319999999
227,Ciudad Universitaria Iii,13,-34.541,-58.4441
228,Guatemala,14,-34.585878,-58.42499599999999
229,Av. Elcano,13,-34.57080828710083,-58.45806148960133
230,Ministerio De Justicia Y Seguridad,4,-34.63922546953217,-58.36958898591382
231,Plaza 25 De Agosto,15,-34.57951881156862,-58.46183473148808
232,Julieta Lanteri,1,-34.6181645,-58.3596311
233,Huaura,15,-34.596849288941584,-58.45327985794868
234,Parque Olimpico,8,-34.67263155698435,-58.445517873322615
235,Rafaela,10,-34.6391718,-58.4947858
236,Costa Rica,14,-34.5915614,-58.41981629999999
237,Colonia Express,1,-34.6236397,-58.3632448
238,Mosconi Y Constituyentes,12,-34.58088,-58.49363000000001
239,Posadas,2,-34.5886889,-58.3852113
240,Parque Sarmiento Ii,12,-34.56454,-58.50289
241,Superí,12,-34.5554843,-58.4768041
242,Plaza Mackenna,12,-34.5436888,-58.4771259
243,Vidal,13,-34.56031055981906,-58.46364346441801
244,Nuñez,13,-34.54162804074317,-58.46340407324711
245,Beauchef,7,-34.640114,-58.43026
246,Heredia,15,-34.5729858,-58.4681384
247,Parque De La Estación,3,-34.608096,-58.41183969999999
248,Facultad De Psicologia,5,-34.613071183327094,-58.41497103862304
249,Ayacucho,3,-34.6074084,-58.39505479999999
250,Gúzman,15,-34.591511,-58.44965199999999
251,Ciudad Universitaria I,13,-34.5446,-58.43959999999999
252,Plaza Derechos Del Hombre,10,-34.63403,-58.50694000000001
253,Almafuerte,4,-34.647805760451966,-58.415984666270425
254,Navarro,15,-34.592244,-58.491797
255,Velez Sarsfield,10,-34.6336384,-58.48980999999999
256,Larrea Y Bartolomé Mitre,3,-34.608985,-58.401924
257,Cabello,14,-34.5825475,-58.4056671
258,Hipólito Yrigoyen,5,-34.614948,-58.42781800000001
259,Carlos Calvo,3,-34.620798,-58.3944635
260,Ugarteche,14,-34.58111437500588,-58.41262482341766
261,Parque Del Bajo,1,-34.60515159,-58.36882117
262,Tronador Y García Del Río,12,-34.554581,-58.485381
263,Parque General Paz,12,-34.5677377879199,-58.505283495700816
264,Fleni,13,-34.555602,-58.45047900000001
265,Godoy Cruz Y Libertador,14,-34.5759189160704,-58.41854288458634
266,Aranguren,6,-34.61036075,-58.43276297
267,Basualdo Y Rodo,9,-34.65237685302847,-58.48735935690687
268,Hospital Rivadavia,14,-34.5837348,-58.4010798
269,La Paternal,15,-34.6008306,-58.47212710000001
270,Skate Park Villa Luro,10,-34.6367055,-58.49528569999998
271,Claudia Pía Baudracco,1,-34.6081643,-58.3779002
272,Pasteur,3,-34.6032813,-58.3997553
273,Teatro Picadero,3,-34.6042288,-58.39373749999999
274,Once,3,-34.61009,-58.406
275,Gainza,6,-34.616758,-58.446751
276,Plaza Rafael Hernandez,13,-34.562161,-58.455166000000006
277,Estación Lugano,8,-34.67948324169569,-58.47424852254684
278,Plaza J.J. Paso,13,-34.569187,-58.453608
279,Humahuaca,5,-34.6020779,-58.4196761
280,Montevideo,2,-34.599068,-58.3900887
281,Macacha Guemes,1,-34.6054877,-58.3646858
282,Plaza Monte Castro,10,-34.6182924,-58.4985253
283,Amenabar,13,-34.572056,-58.44752359999998
284,Plaza Italia,14,-34.5805497,-58.4209542
285,Manzana 66,3,-34.6136356,-58.4064415
286,Parque José Evaristo Uriburu,4,-34.645082199430064,-58.41749173359584
287,Plaza República De Ecuador,14,-34.56533652,-58.42062076
288,Velasco,15,-34.600275,-58.434875
289,Hospital Francés,3,-34.6221118,-58.40784190000001
290,Ingeniero Butty,1,-34.5964246,-58.371847
291,Paysandu,6,-34.616370401105016,-58.44986993928679
292,California,4,-34.647121,-58.374336
293,Utn Ii,8,-34.66036165776025,-58.467638689384906
294,Rivadavia Y 9 De Julio,1,-34.6079305,-58.3808358
295,Victor Manuel Acuña,14,-34.55386,-58.41949999999999
296,Arenales Y Aguero,2,-34.5908626,-58.4061652
297,Avelino Diaz,7,-34.635128,-58.42757300000001
298,Uba Sociales,1,-34.620233,-58.384386
299,Juan De Garay,1,-34.626972970573625,-58.38060147088622
300,Plaza Del Angel Gris,7,-34.622003,-58.457555
301,Cerrito,1,-34.6026673,-58.383355900000005
302,Tamborini,12,-34.5599779,-58.4790578
303,Atahualpa,10,-34.6229306960966,-58.498678553967295
304,Gregorio De Laferrere,9,-34.653356,-58.481011
305,Peron,12,-34.5554843,-58.4768041
306,Plaza 24 De Septiembre,15,-34.606984,-58.44854
307,Beiro Y San Martín,11,-34.5976121,-58.4985424
308,Puan,6,-34.622092,-58.448547000000005
309,Sucre Y Martinez,13,-34.5703869,-58.4663122
310,Coghlan,12,-34.5654,-58.4759
311,Quesada,12,-34.567603678163906,-58.48876191163941
312,Gavilán,11,-34.6162466,-58.4658836
313,Planetario,14,-34.568165,-58.412121
314,Plaza Don Bosco,10,-34.62652,-58.50804999999999
315,Arregui Y Terrada,11,-34.604597356692906,-58.484812116143225
316,Plaza Cd De Banff,10,-34.62805,-58.52174
317,Plaza Ejercito De Los Andes,9,-34.63897407331851,-58.51010241799405
318,Plaza Jose C Paz,4,-34.641728,-58.402483
319,Plaza Noruega,13,-34.562277,-58.459289
320,Humberto 1°,1,-34.61955283137281,-58.37315930476108
321,Plaza Las Toscaneras,10,-34.6165412,-58.52601810000001
322,Plazoleta Celedonio Flores,15,-34.581576,-58.451530000000005
323,Luna,4,-34.639807,-58.39905000000001
324,Guardia Nacional,9,-34.64463279097436,-58.49709733502237
325,Ravignani Y Guatemala,14,-34.5780479,-58.435246600000006
326,Plaza Castelli,13,-34.5678255,-58.4645037
327,Allende,11,-34.6147875,-58.5116722
328,Azopardo Y Chile,1,-34.6155977,-58.3674923
329,Plaza Exodo Jujeño,15,-34.582336918286785,-58.48108314683206
330,Federico Lacroze,15,-34.587617,-58.45521200000001
331,Facultad De Medicina,2,-34.5970909,-58.3989807
332,Tres Arroyos,6,-34.6072013,-58.45640650000001
333,Estados Unidos,1,-34.6186217,-58.3812271
334,Plaza Roma,1,-34.6030082348981,-58.36885646243477
335,Hidalgo,15,-34.606152521781205,-58.44175388769684
336,Centro De Exposiciones,2,-34.584018,-58.38992100000001
337,Av. La Plata,4,-34.643012510740405,-58.42284285277861
338,Acevedo,15,-34.599659,-58.442685
339,Billinghurst Y Mansilla,2,-34.5926649,-58.412007200000005
340,Hospital Alvear,15,-34.5972098,-58.47421142999999
341,Herrera,4,-34.636765893064016,-58.377959686508206
342,Agronomia Ii,15,-34.5893,-58.48480000000001
343,Holmberg,12,-34.56603251575768,-58.479879186508185
344,Belgrano,1,-34.61324972988651,-58.37064512890549
345,Plaza San Martin,1,-34.5954737,-58.37748229999999
346,Independencia,1,-34.617654,-58.380565
347,Plaza Vélez Sarsfield,10,-34.6293335,-58.48360279999999
348,Plaza Primero De Mayo,3,-34.6122976,-58.3989871
349,Neuquen,6,-34.61569987780073,-58.45312848224376
350,Plaza Ramon Falcon,10,-34.6352784,-58.48253270000001
351,San Martin,15,-34.605567,-58.453475
352,Nazca,11,-34.60959910878925,-58.483172617161934
353,Juan Bautista Alberdi,9,-34.651081,-58.502125
354,El Libertador,11,-34.5947293,-58.5033086
355,Av. J. B. Justo,11,-34.6226411,-58.48202029999999
356,Uruguay,1,-34.6018635,-58.38669339999999
357,Lima,1,-34.6153266,-58.38136419999999
358,Plaza Arenales,11,-34.5997308,-58.5111458
359,Plaza Alberti,13,-34.5557,-58.4579
360,Retiro Ii,1,-34.5917376,-58.37436403
361,Brasil,1,-34.625426,-58.371082
362,Leguizamon,9,-34.644804,-58.518867
363,Congreso,1,-34.6094218,-58.3893364
364,Av. Cabildo,13,-34.557933,-58.4607027
365,Fitz Roy & Gorriti,14,-34.58495,-58.437339
366,Maipú,1,-34.6010599,-58.3745346
367,Instituto Politécnico Modelo,12,-34.573033051099245,-58.5039082871025
368,Venancio Flores,7,-34.629967,-58.473725
369,Crisologo Larralde,12,-34.56119069896605,-58.4920304128975
370,Almagro,5,-34.620169,-58.422097
371,Hipodromo De Palermo,14,-34.568757,-58.427288
372,Parque De Las Ciencias,14,-34.5829625,-58.42997930000001
373,Plaza Vicente Lopez,2,-34.5927096,-58.388807
374,Virrey Cevallos,1,-34.6156994,-58.3899728
375,Villa Soldati,8,-34.6604476,-58.432016800000014
376,Plaza Alemania,14,-34.5775895,-58.407469600000006
377,Villa Urquiza,12,-34.573734,-58.48692409
378,Plaza Felix Lima,13,-34.5420905,-58.47056989999999
379,Plaza Bruno Giordano,6,-34.616151,-58.440584
380,Parque De La Innovación,13,-34.545091,-58.451432
381,General Urquiza,14,-34.572165,-58.411278
382,Pacífico Ii,14,-34.5745008,-58.42481399999999
383,Parque Las Heras,14,-34.585443,-58.407741
384,Boedo Y Venezuela,5,-34.6163544,-58.4170737
385,Plaza De La Shoá,14,-34.5709984,-58.423346900000006
386,9 De Julio,1,-34.612075,-58.38038400000001
387,Plaza Libertad,1,-34.5970497,-58.382840300000005
388,Carlos Gardel,3,-34.6027814,-58.4116586
389,Charcas,14,-34.58686608967169,-58.42142570059433
390,Plaza Bolivia,14,-34.563539,-58.436115
391,Simon Bolivar,7,-34.633528,-58.44937899999999
392,Plaza Aristóbulo Del Valle,11,-34.606159914753725,-58.49314134520765
393,Obelisco,1,-34.606498,-58.381098
394,Acuña De Figueroa,5,-34.5982097,-58.422069400000005
395,Parque Patricios Ii,4,-34.6371232,-58.40588830000001
396,Juramento,12,-34.578933,-58.4840556
397,Parque Avellaneda,9,-34.6424248,-58.478266
398,Once Ii,3,-34.6095663,-58.4064308
399,La Pampa,13,-34.565521,-58.45533400000001
400,Medrano,5,-34.6097105,-58.4215633
401,Ravignani,14,-34.5807161,-58.43840400000001
402,Hospital De Clínicas,2,-34.5984043,-58.39901580000001
403,Biarritz,11,-34.60543081369964,-58.47725521899702
404,Grecia,13,-34.5492488,-58.4619408
405,Constitución,1,-34.626851,-58.380707
406,Riobamba,2,-34.5936508,-58.3941087
