id,nombre,tipo,comuna,direccion
1,Dr. J. Garrahan,Pediatria,4,Combate De Los Pozos 1881
2,Emerg Psiquiatricas Torcuato De Alvear,Salud Mental,15,Warnes Av. 2630
3,Gastroenterologia B. Udaondo,Enf. Apar. Digestivo,4,Caseros Av. 2061
4,Infecciosas F. Muñiz,Infectologia,4,Uspallata 2272
5,Odontologia J. Dueñas,Odontologia,5,Muñiz 15
6,Odontologia Infantil Don Benito Quinquela Martin,Odontologia,4,Don Pedro De Mendoza Av. 1795
7,Oftalmologia Santa Lucia,Oftalmologia,3,San Juan Av. 2021
8,Quemados Dr. Arturo Umberto Illia,Quemados,6,"Goyena, Pedro Av. 369"
9,Rehabilitacion M. Rocca,Med. Fisica - Rehabilitacion,10,Segurola Av. 1949
10,Rehabilitacion Respiratoria Maria Ferrer,Neumonologia,4,Finochietto Enrique Dr. 849
11,Salud Mental Braulio Moyano,Salud Mental,4,Brandsen 2570
12,Salud Mental J. Borda,Salud Mental,4,"Carrillo, Ramon, Dr. 375"
13,Hospital Especializado Infanto Juvenil C. Tobar Garcia,Salud Mental,4,"Carrillo, Ramon, Dr. 315"
14,Hospital Especializado Materno Infantil R. Sarda,Materno-Infantil,4,"Luca, Esteban De 2151"
15,Hospital Especializado Odontologico Dr. R. Carrillo (Ex Nacional),Odontologia,2,Sanchez De Bustamante 2529
16,Hospital Especializado Oftalmologico Dr. P. Lagleyze,Oftalmologia,11,"Justo, Juan B. Av. 4151"
17,A. Zubizarreta,Basicas - Criticas - Otras,11,Nueva York 3952
18,B. Rivadavia,Basicas - Criticas - Otras,2,Las Heras General Av. 2670
19,Cecilia Grierson,,8,"Fernandez De La Cruz, F., Gral. Av. 4402"
20,D. Velez Sarsfield,Basicas - Criticas - Otras,10,"Calderon De La Barca, Pedro 1550"
21,Donacion F. Santojanni,Basicas - Criticas - Otras,9,Pilar 950
22,Dr C. Argerich,Basicas - Criticas - Otras,4,Pi Y Margall 750
23,Dr. C. Durand,Basicas - Criticas - Otras,6,Diaz Velez Av. 5044
24,Dr. E. Tornu,Basicas - Criticas - Otras,15,Combatientes De Malvinas Av. 3002
25,Dr. I. Pirovano,Basicas - Criticas - Otras,12,Monroe Av. 3555
26,Dr. J. A. Fernandez,Basicas - Criticas - Otras,14,Cerviño Av. 3356
27,Dr. T. Alvarez,Basicas - Criticas - Otras,7,"Aranguren, Juan F., Dr. 2701"
28,J. A. Penna,Basicas - Criticas - Otras,4,"Chutro, Pedro, Prof., Dr. 3380"
29,J. M. Ramos Mejia,Basicas - Criticas - Otras,3,"Urquiza, Gral. 609"
30,P. Piñero,Basicas - Criticas - Otras,7,Varela Av. 1301
31,P. De Elizalde,Pediatria,4,"Montes De Oca, Manuel Av. 40"
32,R. Gutierrez,Pediatria,2,Gallo 1330
33,Hospital Municipal De Oncologia M. Curie,Oncologia,6,Patricias Argentinas Av. 150
34,Inst. De Zoonosis L. Pasteur,Zoonosis,6,Diaz Velez Av. 4821
35,Instituto De Rehabilitacion Psicofisica (I.R.E.P.),Med. Fisica - Rehabilitacion,13,Echeverria 955
36,Talleres Protegidos De Rehabilitacion Psiquiatrica,Salud Mental,4,Suarez Av. 2215
